time_sec,time_nanosec,latitude,longitude,altitude,utm_easting,utm_northing
1729525632,138476033,42.33856833333333,-71.09006,11.9,327823.1721048723,4689483.75774577
1729525633,139303719,42.33856833333333,-71.09006,11.9,327823.1721048723,4689483.75774577
1729525634,212056565,42.33856833333333,-71.09006,11.9,327823.1721048723,4689483.75774577
1729525635,143027706,42.33856833333333,-71.09006,11.9,327823.1721048723,4689483.75774577
1729525636,141296471,42.33856833333333,-71.09006,11.9,327823.1721048723,4689483.75774577
1729525637,165339153,42.33856833333333,-71.09006,11.9,327823.1721048723,4689483.75774577
1729525638,143301059,42.33856833333333,-71.09006,11.9,327823.1721048723,4689483.75774577
1729525639,151305248,42.33856833333333,-71.09006,11.9,327823.1721048723,4689483.75774577
1729525640,159164539,42.33856833333333,-71.09006,11.9,327823.1721048723,4689483.75774577
1729525641,144288806,42.33856833333333,-71.09006,11.9,327823.1721048723,4689483.75774577
1729525642,166939361,42.33856833333333,-71.09006,11.9,327823.1721048723,4689483.75774577
1729525643,161284665,42.33856833333333,-71.09006,11.9,327823.1721048723,4689483.75774577
1729525644,140766695,42.33856833333333,-71.09006,11.9,327823.1721048723,4689483.75774577
1729525645,152993575,42.33856833333333,-71.09006,11.9,327823.1721048723,4689483.75774577
1729525646,144787990,42.33856833333333,-71.09006,11.9,327823.1721048723,4689483.75774577
1729525647,352641382,42.33856833333333,-71.09006,11.9,327823.1721048723,4689483.75774577
1729525648,178944709,42.33856833333333,-71.09006,11.9,327823.1721048723,4689483.75774577
1729525649,188219405,42.33856833333333,-71.09006,11.9,327823.1721048723,4689483.75774577
1729525650,145605417,42.33859833333333,-71.09005666666667,10.0,327823.52859379223,4689487.082268321
1729525651,182612373,42.33861166666667,-71.09006666666667,9.9,327822.7411625617,4689488.583083027
1729525652,197704324,42.338629999999995,-71.09008,9.8,327821.6927711448,4689490.645859686
1729525653,149128907,42.33865000000001,-71.090095,9.6,327820.5116256935,4689492.897082139
1729525654,179499758,42.338673333333325,-71.09011166666666,9.4,327819.20227552205,4689495.521821144
1729525655,218844305,42.3387,-71.09012833333333,9.2,327817.9020246287,4689498.516701807
1729525656,162119480,42.338730000000005,-71.09014833333335,9.0,327816.3362661415,4689501.888474156
1729525657,154702902,42.338766666666665,-71.09016833333334,8.9,327814.78870610823,4689506.000529671
1729525658,198151600,42.33880666666667,-71.09018833333333,8.9,327813.25024657743,4689510.482726987
1729525659,167299790,42.33885,-71.09020666666667,8.9,327811.8581911175,4689515.3316910025
1729525660,173434887,42.338890000000006,-71.09022833333333,8.8,327810.1824327366,4689519.817264284
1729525661,156866825,42.338935000000006,-71.09025,8.9,327808.52032491175,4689524.858050142
1729525662,151679136,42.33898166666666,-71.09027333333333,8.6,327806.7254661887,4689530.087282417
1729525663,179900114,42.33902833333333,-71.09029666666667,8.4,327804.9306104246,4689535.3165152725
1729525664,419225029,42.339075,-71.09032,8.2,327803.1357576194,4689540.545748707
1729525665,163497558,42.33912166666667,-71.09034166666667,8.3,327801.4782104745,4689545.771607388
1729525666,152883992,42.339168333333326,-71.09035999999999,8.1,327800.095271283,4689550.990715843
1729525667,153305679,42.339214999999996,-71.09037666666667,7.9,327798.84963693557,4689556.206449283
1729525668,202671274,42.339258333333326,-71.09039166666666,7.9,327797.73220765346,4689561.048666216
1729525669,212343361,42.33929833333333,-71.09040333333334,8.0,327796.88028524566,4689565.51399112
1729525670,163170721,42.339335,-71.090415,7.8,327796.0192645462,4689569.609174776
1729525671,153002877,42.33936666666667,-71.09042833333334,7.9,327795.0072933913,4689573.152521937
1729525672,164687441,42.33938666666666,-71.09043833333334,9.2,327794.23807861254,4689575.393623341
1729525673,168812422,42.339405000000006,-71.09044666666667,9.6,327793.60161658796,4689577.446278636
1729525674,158993494,42.339418333333334,-71.090455,10.0,327792.9515052991,4689578.943721873
1729525675,180222716,42.33942666666667,-71.09045833333333,10.2,327792.6996506897,4689579.875826467
1729525676,298337153,42.33943333333333,-71.09046,10.4,327792.58054826775,4689580.619484837
1729525677,167280321,42.339443333333335,-71.09046,10.6,327792.6078476958,4689581.7299091015
1729525678,268263763,42.339443333333335,-71.09046,10.6,327792.6078476958,4689581.7299091015
1729525679,173178432,42.339443333333335,-71.09046,10.6,327792.6078476958,4689581.7299091015
1729525680,177074416,42.339443333333335,-71.09046,10.6,327792.6078476958,4689581.7299091015
1729525681,163098744,42.339443333333335,-71.09046,10.6,327792.6078476958,4689581.7299091015
1729525682,191588481,42.339443333333335,-71.09046,10.6,327792.6078476958,4689581.7299091015
1729525683,174707526,42.339443333333335,-71.09046,10.6,327792.6078476958,4689581.7299091015
1729525684,172856547,42.339443333333335,-71.09046,10.6,327792.6078476958,4689581.7299091015
1729525685,167287298,42.339443333333335,-71.09046,10.6,327792.6078476958,4689581.7299091015
1729525686,171493451,42.339443333333335,-71.09046,10.6,327792.6078476958,4689581.7299091015
1729525687,174124185,42.339443333333335,-71.09046,10.6,327792.6078476958,4689581.7299091015
1729525688,462649255,42.339443333333335,-71.09046,10.6,327792.6078476958,4689581.7299091015
1729525689,170282249,42.339443333333335,-71.09046,10.6,327792.6078476958,4689581.7299091015
1729525690,172247057,42.339443333333335,-71.09046,10.6,327792.6078476958,4689581.7299091015
1729525691,181937371,42.339443333333335,-71.09046,10.6,327792.6078476958,4689581.7299091015
1729525692,180657480,42.339443333333335,-71.09046,10.6,327792.6078476958,4689581.7299091015
1729525693,180875203,42.339443333333335,-71.09046,10.6,327792.6078476958,4689581.7299091015
1729525694,180300424,42.339443333333335,-71.09046,10.6,327792.6078476958,4689581.7299091015
1729525695,454759261,42.339443333333335,-71.09046,10.6,327792.6078476958,4689581.7299091015
1729525696,196595985,42.339443333333335,-71.09046,10.6,327792.6078476958,4689581.7299091015
1729525697,170859397,42.339443333333335,-71.09046,10.6,327792.6078476958,4689581.7299091015
1729525698,332370152,42.339443333333335,-71.09046,10.6,327792.6078476958,4689581.7299091015
1729525699,183655465,42.339443333333335,-71.09046,10.6,327792.6078476958,4689581.7299091015
1729525700,297813968,42.339443333333335,-71.09046,10.6,327792.6078476958,4689581.7299091015
1729525701,200500590,42.339443333333335,-71.09046,10.6,327792.6078476958,4689581.7299091015
1729525702,175778942,42.339443333333335,-71.09046,10.6,327792.6078476958,4689581.7299091015
1729525703,318922187,42.339443333333335,-71.09046,10.6,327792.6078476958,4689581.7299091015
1729525704,194300136,42.339443333333335,-71.09046,10.6,327792.6078476958,4689581.7299091015
1729525705,227143142,42.339443333333335,-71.09046,10.6,327792.6078476958,4689581.7299091015
1729525706,263901514,42.339443333333335,-71.09046,10.6,327792.6078476958,4689581.7299091015
1729525707,204839152,42.339443333333335,-71.09046,10.6,327792.6078476958,4689581.7299091015
1729525708,226154857,42.339443333333335,-71.09046,10.6,327792.6078476958,4689581.7299091015
1729525709,311483728,42.339443333333335,-71.09046,10.6,327792.6078476958,4689581.7299091015
1729525710,188158191,42.339443333333335,-71.09046,10.6,327792.6078476958,4689581.7299091015
1729525711,181262531,42.339443333333335,-71.09046,10.6,327792.6078476958,4689581.7299091015
1729525712,190471722,42.339443333333335,-71.09046,10.6,327792.6078476958,4689581.7299091015
1729525713,188641517,42.339443333333335,-71.09046,10.6,327792.6078476958,4689581.7299091015
1729525714,245141898,42.339443333333335,-71.09046,10.6,327792.6078476958,4689581.7299091015
1729525715,180609362,42.339443333333335,-71.09046,10.6,327792.6078476958,4689581.7299091015
1729525716,261476054,42.339443333333335,-71.09046,10.6,327792.6078476958,4689581.7299091015
1729525717,179162488,42.339443333333335,-71.09046,10.6,327792.6078476958,4689581.7299091015
1729525718,199065761,42.339443333333335,-71.09046,10.6,327792.6078476958,4689581.7299091015
1729525719,190732946,42.339443333333335,-71.09046,10.6,327792.6078476958,4689581.7299091015
1729525720,203326422,42.339443333333335,-71.09046,10.6,327792.6078476958,4689581.7299091015
1729525721,189572036,42.339443333333335,-71.09046,10.6,327792.6078476958,4689581.7299091015
1729525722,186107323,42.339443333333335,-71.09046,10.6,327792.6078476958,4689581.7299091015
1729525723,225296575,42.339443333333335,-71.09046,10.6,327792.6078476958,4689581.7299091015
1729525724,202309450,42.339443333333335,-71.09046,10.6,327792.6078476958,4689581.7299091015
1729525725,322303406,42.339443333333335,-71.09046,10.6,327792.6078476958,4689581.7299091015
1729525726,191295811,42.339443333333335,-71.09046,10.6,327792.6078476958,4689581.7299091015
1729525727,241866586,42.339443333333335,-71.09046,10.6,327792.6078476958,4689581.7299091015
1729525728,192034745,42.339443333333335,-71.09046,10.6,327792.6078476958,4689581.7299091015
1729525729,318289915,42.339443333333335,-71.09046,10.6,327792.6078476958,4689581.7299091015
1729525730,257655349,42.339443333333335,-71.09046,10.6,327792.6078476958,4689581.7299091015
1729525731,231925044,42.339443333333335,-71.09046,10.6,327792.6078476958,4689581.7299091015
1729525732,335635973,42.33944833333333,-71.090465,10.1,327792.20959144423,4689582.295247827
1729525733,246028890,42.339463333333335,-71.09047333333334,10.2,327791.5640309147,4689583.977761939
1729525734,222999979,42.33948,-71.09048333333334,10.2,327790.7857187572,4689585.848722398
1729525735,211809406,42.33949833333333,-71.09049166666667,10.2,327790.14925891603,4689587.901378096
1729525736,199150139,42.339515,-71.09050166666665,10.2,327789.37094764743,4689589.772338746
1729525737,205145466,42.339529999999996,-71.09051,10.2,327788.72538861225,4689591.454853179
1729525738,215457194,42.33954000000001,-71.09051500000001,10.2,327788.3407833752,4689592.575404303
1729525739,195310795,42.33954833333334,-71.09052,10.2,327787.9516282289,4689593.510884737
1729525740,202112311,42.339556666666674,-71.09052333333334,10.3,327787.699774946,4689594.442989566
1729525741,196442630,42.33956499999999,-71.09052666666666,10.3,327787.4479217434,4689595.375094406
1729525742,201014560,42.339574999999996,-71.09053166666666,10.4,327787.06331697106,4689596.495645619
1729525743,240076630,42.33958500000001,-71.09053666666667,10.5,327786.6787123346,4689597.616196858
1729525744,203108432,42.339596666666665,-71.090545,10.6,327786.0240545943,4689598.928570164
1729525745,197402560,42.33961166666666,-71.090555,10.9,327785.24119572993,4689600.614460657
1729525746,450156027,42.33962833333333,-71.09057,11.2,327784.05098262546,4689602.495549074
1729525747,201081580,42.339643333333335,-71.09059,11.6,327782.44431529276,4689604.201694206
1729525748,205439583,42.33966166666667,-71.09061166666667,12.0,327780.7094477335,4689606.281356944
1729525749,217119740,42.33968,-71.09063666666665,11.7,327778.6999782577,4689608.367771772
1729525750,267859854,42.33969833333334,-71.09066333333334,12.0,327776.5532085431,4689610.457563075
1729525751,317056901,42.339713333333336,-71.09069333333333,12.0,327774.1227364368,4689612.183965443
1729525752,200338877,42.33972333333333,-71.09072666666665,12.2,327771.40401122044,4689613.361908443
1729525753,196924500,42.33971833333333,-71.09076499999999,12.3,327768.23242740904,4689612.884344081
1729525754,239542196,42.33970166666666,-71.09081666666665,12.3,327763.93057683663,4689611.138294845
1729525755,250364665,42.33967333333333,-71.090895,12.4,327757.40004425944,4689608.150772505
1729525756,256226024,42.33963666666667,-71.09099666666665,12.5,327748.92452852847,4689604.285171767
1729525757,220853022,42.339594999999996,-71.09111,12.5,327739.4742374107,4689599.888004842
1729525758,213352232,42.339551666666665,-71.09122333333333,12.5,327730.01938240125,4689595.30577962
1729525759,196478107,42.339510000000004,-71.091335,12.5,327720.7063682675,4689590.905260601
1729525760,594110381,42.33946833333333,-71.09144333333333,12.6,327711.6679459094,4689586.497999404
1729525761,198792800,42.33942833333334,-71.09154833333334,12.6,327702.9086681475,4689582.269065705
1729525762,203192532,42.33939,-71.09165,12.7,327694.4285361879,4689578.218458488
1729525763,227369311,42.33935499999999,-71.09175,12.8,327686.0948016908,4689574.534625101
1729525764,230338204,42.33932166666667,-71.09184499999999,12.8,327678.1775178128,4689571.025738808
1729525765,210376895,42.33929166666667,-71.09193333333333,12.5,327670.81854127394,4689567.873491042
1729525766,222958550,42.33926666666666,-71.09201166666666,12.4,327664.2970320779,4689565.256194753
1729525767,211154849,42.33924666666667,-71.09207666666666,12.3,327658.8875976172,4689563.1670913845
1729525768,208655084,42.33923333333334,-71.09212666666667,12.2,327654.7320962015,4689561.787870927
1729525769,211653889,42.33923,-71.09216833333333,12.1,327651.29042719584,4689561.502185771
1729525770,232952553,42.339234999999995,-71.09220666666667,11.8,327648.14613124833,4689562.13509922
1729525771,236286448,42.33924999999999,-71.09223999999999,12.0,327645.4410657663,4689563.868303231
1729525772,302641052,42.33927333333333,-71.09227333333334,12.1,327642.7587707986,4689566.5268619675
1729525773,207262800,42.339304999999996,-71.09231,12.1,327639.82464283763,4689570.117532461
1729525774,211070626,42.33934333333333,-71.092345,12.2,327637.0460362155,4689574.445108634
1729525775,214599315,42.33938499999999,-71.09238,12.2,327634.2765413386,4689579.1428275
1729525776,316466213,42.339425,-71.09241166666668,12.3,327631.77710031206,4689583.648719504
1729525777,204119739,42.339461666666665,-71.09244,12.6,327629.54315817193,4689587.777713596
1729525778,225556624,42.339496666666676,-71.09246833333333,12.7,327627.30466452957,4689591.721637769
1729525779,213951417,42.339531666666666,-71.092495,12.8,327625.20347536623,4689595.662183936
1729525780,304847444,42.33956499999999,-71.09252166666667,13.0,327623.09773429227,4689599.417660086
1729525781,214627259,42.339600000000004,-71.09254666666668,13.2,327621.1338517477,4689603.354828797
1729525782,280101356,42.33963666666667,-71.092575,13.3,327618.8999228799,4689607.483826773
1729525783,261810598,42.33967833333333,-71.09260333333333,13.3,327616.67966058105,4689612.168037787
1729525784,225034149,42.33972166666668,-71.09263666666668,13.2,327614.0520518827,4689617.047457503
1729525785,215333842,42.33976833333333,-71.09267,13.2,327611.4335565516,4689622.297019833
1729525786,256186029,42.339815,-71.09270333333333,13.1,327608.8150653969,4689627.5465832995
1729525787,266508313,42.339864999999996,-71.09273833333333,13.1,327606.06838712154,4689633.169668609
1729525788,277951293,42.339913333333335,-71.092775,13.0,327603.17985756655,4689638.611063697
1729525789,218499248,42.33996333333333,-71.09281166666666,13.0,327600.2958878359,4689644.237530901
1729525790,225741702,42.340014999999994,-71.09284833333332,12.9,327597.4164781848,4689650.049070231
1729525791,222107719,42.34006833333333,-71.09288666666666,12.9,327594.40432820254,4689656.049061144
1729525792,214495850,42.34012166666666,-71.092925,13.1,327591.3921837084,4689662.049053556
1729525793,334351226,42.34017666666667,-71.09296166666667,13.2,327588.52190055023,4689668.230738651
1729525794,219581053,42.340230000000005,-71.09299833333333,13.3,327585.6470673129,4689674.2273543645
1729525795,276764781,42.34028166666667,-71.09303666666666,13.4,327582.6303835486,4689680.042280394
1729525796,221771175,42.340331666666664,-71.09307333333332,13.4,327579.746449503,4689685.668757388
1729525797,214612514,42.340378333333334,-71.09311,13.5,327576.85340884957,4689690.925094223
1729525798,279315582,42.340425,-71.093145,13.5,327574.0976726629,4689696.178052543
1729525799,267341935,42.34047,-71.09318,13.6,327571.33738493384,4689701.245941337
1729525800,226524980,42.340515,-71.09321,13.6,327568.98900049116,4689706.303691414
1729525801,222649301,42.34056,-71.09323666666666,13.7,327566.9152188591,4689711.354682357
1729525802,224739506,42.34060833333333,-71.09326166666666,13.6,327564.98785218026,4689716.772435517
1729525803,263531014,42.34065666666667,-71.09328333333333,13.7,327563.3350875431,4689722.1834291285
1729525804,219983198,42.34070666666666,-71.09329666666666,13.8,327562.373378333,4689727.762593364
1729525805,235045552,42.34074833333334,-71.09330333333334,13.9,327561.93808657106,4689732.40288336
1729525806,282322794,42.340779999999995,-71.09330166666668,13.9,327562.1619537905,4689735.91584804
1729525807,265685487,42.34080166666666,-71.09329833333332,13.9,327562.4957827145,4689738.315007921
1729525808,375824598,42.34081166666667,-71.093295,13.9,327562.79771805136,4689739.418672355
1729525809,278789956,42.34081666666666,-71.093295,13.8,327562.8113866586,4689739.973884697
1729525810,304499552,42.34082166666667,-71.09329333333334,13.8,327562.9623542868,4689740.525716919
1729525811,240603512,42.340828333333334,-71.09329166666666,13.9,327563.1178780928,4689741.262619926
1729525812,236157330,42.340828333333334,-71.09329166666666,13.9,327563.1178780928,4689741.262619926
1729525813,276260249,42.34084166666666,-71.09328166666666,13.9,327563.97812153085,4689742.722905512
1729525814,229861334,42.340869999999995,-71.093235,13.8,327567.899946154,4689745.774466977
1729525815,230103682,42.34089833333334,-71.09316666666668,13.7,327573.60665243777,4689748.782091396
1729525816,229322659,42.340925,-71.09308666666668,13.6,327580.269889449,4689751.58099096
1729525817,239118596,42.34094666666667,-71.09300333333334,13.6,327587.1940516243,4689753.817925057
1729525818,247345408,42.34097333333334,-71.09292,13.5,327594.1318752646,4689756.610078217
1729525819,229193735,42.341004999999996,-71.092835,13.4,327601.22065737756,4689759.954071055
1729525820,231244074,42.34104333333333,-71.09274833333333,13.3,327608.4649511438,4689764.034974762
1729525821,245191500,42.34108333333334,-71.09266166666666,13.4,327615.7137911082,4689768.3009565165
1729525822,279501560,42.341125,-71.09257666666667,13.4,327622.8298783621,4689772.755395283
1729525823,241832679,42.34116666666667,-71.092495,13.4,327629.6713598915,4689777.216598703
1729525824,237353015,42.34121166666667,-71.09241666666667,13.3,327636.2473448856,4689782.05470755
1729525825,231527795,42.34126,-71.09233833333333,13.4,327642.83242905396,4689787.262963901
1729525826,231601297,42.34131333333333,-71.09226166666667,13.3,327649.2938674473,4689793.029817002
1729525827,332613728,42.341368333333335,-71.09218833333333,13.3,327655.4852534646,4689798.9885032615
1729525828,227943925,42.341424999999994,-71.09211833333333,13.3,327661.4065873637,4689805.139021968
1729525829,237527504,42.34148333333333,-71.09205166666668,13.3,327667.05786944204,4689811.481372453
1729525830,263859382,42.341544999999996,-71.09198666666666,13.1,327672.5809509018,4689818.197246845
1729525831,246476277,42.34161000000001,-71.091925,13.0,327677.83853403555,4689825.290022754
1729525832,235747402,42.34167666666667,-71.09186833333334,13.1,327682.6887686169,4689832.578006627
1729525833,273438114,42.341748333333335,-71.09181,13.4,327687.6899496872,4689840.417828277
1729525834,251261006,42.34182166666666,-71.09175666666667,13.7,327692.2837825208,4689848.452856984
1729525835,290712356,42.34189833333333,-71.09170833333333,13.8,327696.474821073,4689856.868162777
1729525836,391509496,42.34198,-71.09166333333333,13.8,327700.4049154951,4689865.845438268
1729525837,382938557,42.34206166666666,-71.09162666666666,14.0,327703.6485191253,4689874.839602956
1729525838,262563500,42.34214,-71.09159666666666,14.1,327706.3338255257,4689883.477136979
1729525839,255591965,42.34222666666666,-71.091565,14.3,327709.1791848496,4689893.036648605
1729525840,237142300,42.34231833333333,-71.09153833333333,14.6,327711.62630764244,4689903.1615055995
1729525841,248333881,42.34241166666667,-71.09151666666666,14.8,327713.66609031457,4689913.481565989
1729525842,247420292,42.342504999999996,-71.09150166666667,15.0,327715.15668680344,4689923.815135908
1729525843,293471896,42.34259999999999,-71.09148833333333,15.1,327716.5145373813,4689934.337154205
1729525844,248028726,42.34269333333334,-71.09148333333333,15.4,327717.1813580806,4689944.690988048
1729525845,267453177,42.34278333333334,-71.09148,15.6,327717.70177845133,4689954.678057633
1729525846,241859875,42.34287333333334,-71.09147166666666,15.8,327718.63408207416,4689964.65499575
1729525847,303529450,42.34295999999999,-71.09146166666666,16.1,327719.69457370555,4689974.258415231
1729525848,252157114,42.343045,-71.09144333333333,16.4,327721.43698189134,4689983.659878288
1729525849,256084316,42.34312833333333,-71.09141500000001,16.5,327723.99859792273,4689992.856008236
1729525850,245594306,42.34321,-71.09137833333332,16.7,327727.2421248966,4690001.8501829235
1729525851,301040902,42.343285,-71.09133666666666,17.0,327730.8793166394,4690010.0939446995
1729525852,256777891,42.34335833333333,-71.09128666666668,17.2,327735.19841581583,4690018.1357528195
1729525853,258350170,42.343430000000005,-71.09123166666667,17.4,327739.9248336896,4690025.982362109
1729525854,285033496,42.34349999999999,-71.09117166666667,17.6,327745.05856919347,4690033.633773354
1729525855,250235950,42.34356666666666,-71.09110666666668,17.7,327750.59506964596,4690040.904916586
1729525856,247318199,42.34363499999999,-71.091045,17.9,327755.8615247776,4690048.3678878
1729525857,296410860,42.343705,-71.09098666666667,18.2,327760.8579351017,4690056.022686405
1729525858,324390270,42.34377500000001,-71.09093833333333,18.5,327765.03057959024,4690063.697746378
1729525859,258428083,42.34384333333334,-71.09089999999999,18.8,327768.3749097516,4690071.207995483
1729525860,261624077,42.34390833333334,-71.09087,19.1,327771.02366957994,4690078.364985533
1729525861,269599014,42.343968333333336,-71.09084166666666,19.3,327773.52147899213,4690084.970140166
1729525862,258153947,42.34402,-71.09081166666667,19.3,327776.1338207888,4690090.646565249
1729525863,257460646,42.34406166666666,-71.090775,19.2,327779.2680203583,4690095.199061792
1729525864,258985564,42.34409333333333,-71.090725,18.4,327783.47324546205,4690098.614126445
1729525865,261514374,42.34411,-71.09067,18.2,327788.0493849109,4690100.353428148
1729525866,357627186,42.34411333333334,-71.09061333333334,18.1,327792.72640856117,4690100.6087901965
1729525867,262126470,42.34410166666667,-71.09055666666667,17.9,327797.3624769721,4690099.198517766
1729525868,267516463,42.34408166666667,-71.09050333333333,17.7,327801.70121131546,4690096.869645541
1729525869,256253588,42.344060000000006,-71.090455,17.5,327805.6235223386,4690094.3658319535
1729525870,322318780,42.34403666666667,-71.09040666666667,17.3,327809.54128592263,4690091.676949808
1729525871,333724823,42.34401833333333,-71.09035999999999,17.2,327813.33541069797,4690089.546657886
1729525872,258121781,42.34400333333333,-71.09031666666667,17.3,327816.8640535595,4690087.793260454
1729525873,374410081,42.34399,-71.09027833333333,17.2,327819.9853717465,4690086.235061528
1729525874,264541904,42.34397666666667,-71.09024,17.1,327823.10669126984,4690084.676864039
1729525875,271223990,42.34396666666667,-71.09020333333333,17.1,327826.0998194688,4690083.492184813
1729525876,257248183,42.34396,-71.090165,17.0,327829.23934010835,4690082.674273469
1729525877,264523749,42.34395500000001,-71.09013,16.9,327832.10882664897,4690082.048184469
1729525878,297543167,42.34394999999999,-71.090095,16.9,327834.9783136423,4690081.422096657
1729525879,262146028,42.34394666666667,-71.09006666666667,17.0,327837.303181779,4690080.9945806125
1729525880,406752635,42.34394666666667,-71.09004499999999,17.1,327839.0879801847,4690080.950706613
1729525881,284186970,42.343945,-71.09003,17.1,327840.3190604849,4690080.735261738
1729525882,261924832,42.343945,-71.09001666666667,17.2,327841.4173979887,4690080.708262774
1729525883,267447787,42.34394,-71.09000166666667,17.4,327842.63937978033,4690080.12267665
1729525884,271412981,42.343936666666664,-71.08999166666668,17.7,327843.4540344143,4690079.732286019
1729525885,279496257,42.343936666666664,-71.08998666666666,17.6,327843.8659110324,4690079.722161574
1729525886,261377808,42.343936666666664,-71.08998666666666,17.6,327843.8659110324,4690079.722161574
1729525887,307791417,42.343936666666664,-71.089985,17.6,327844.00320323976,4690079.718786764
1729525888,262509868,42.343936666666664,-71.089985,17.6,327844.00320323976,4690079.718786764
1729525889,265686466,42.34393333333334,-71.08998,17.7,327844.4059813502,4690079.338520689
1729525890,278327137,42.343925000000006,-71.08997333333333,17.7,327844.9324040086,4690078.39966735
1729525891,262450530,42.3439,-71.08996666666667,17.7,327845.41333459184,4690075.610105744
1729525892,265235523,42.34387,-71.08996333333333,17.7,327845.6060333308,4690072.272081245
1729525893,338058243,42.343835000000006,-71.08996499999999,17.6,327845.3732074876,4690068.388968598
1729525894,303267729,42.34379833333334,-71.08997,17.7,327844.8612473303,4690064.327534705
1729525895,300497608,42.343765,-71.08997666666667,17.8,327844.22109263873,4690060.639617303
1729525896,319573921,42.34373333333333,-71.08998,18.0,327843.8600719685,4690057.130021187
1729525897,282590479,42.343705,-71.08997666666667,17.9,327844.05732039653,4690053.9770675525
1729525898,312057574,42.34368333333334,-71.08996666666667,18.1,327844.8219370141,4690051.550898122
1729525899,278776032,42.343655000000005,-71.08996666666667,18.2,327844.74460059067,4690048.404694106
1729525900,279106775,42.34362833333333,-71.08996499999999,18.4,327844.8091062864,4690045.440186152
1729525901,347758134,42.343606666666666,-71.08995666666667,18.6,327845.4364314015,4690043.017391627
1729525902,274576459,42.34357833333333,-71.08995166666666,19.0,327845.7709744226,4690039.861063385
1729525903,269341492,42.34354499999999,-71.08995166666666,19.3,327845.67999123735,4690036.159646959
1729525904,282340496,42.34350500000001,-71.08995499999999,19.7,327845.2962251993,4690031.724696782
1729525905,277237685,42.34346333333333,-71.08995833333333,20.0,327844.9079097315,4690027.104675819
1729525906,390478364,42.343408333333336,-71.08999,20.5,327842.14921357314,4690021.061459747
1729525907,282741743,42.34335833333333,-71.09001166666667,21.0,327840.2279216947,4690015.553208006
1729525908,291281126,42.343304999999994,-71.09003166666666,21.4,327838.4348220697,4690009.67144024
1729525909,283117632,42.34325166666666,-71.09005666666667,22.0,327836.22983870225,4690003.799797633
1729525910,303908153,42.343203333333335,-71.09007166666667,22.6,327834.8622630596,4689998.4631184125
1729525911,277981649,42.343156666666665,-71.09008666666666,23.2,327833.4992350611,4689993.311510247
1729525912,281383245,42.343109999999996,-71.09010333333335,23.8,327831.9989113342,4689988.163277318
1729525913,284860442,42.343070000000004,-71.09011833333334,24.6,327830.65407771437,4689983.751952907
1729525914,294067396,42.34303499999999,-71.09013333333334,25.4,327829.32289113675,4689979.895841155
1729525915,278572059,42.342999999999996,-71.09014333333333,26.2,327828.40358599456,4689976.029604464
1729525916,318502124,42.342966666666676,-71.09015333333333,27.1,327827.48882954556,4689972.348438694
1729525917,285529150,42.342933333333335,-71.090165,27.8,327826.4367778922,4689968.6706481185
1729525918,281741905,42.34290333333333,-71.09017333333333,28.7,327825.6684133777,4689965.356249092
1729525919,283060579,42.34288,-71.09017999999999,29.1,327825.055541171,4689962.77875825
1729525920,605584233,42.34285333333334,-71.090185,30.0,327824.57086393295,4689959.827750731
1729525921,340100233,42.34282833333334,-71.09019333333335,31.0,327823.81614675384,4689957.068564307
1729525922,335629413,42.342794999999995,-71.09020166666666,31.9,327823.03868087754,4689953.384023945
1729525923,346203762,42.342755000000004,-71.09020833333334,33.0,327822.38031050866,4689948.955825304
1729525924,279561989,42.34271333333333,-71.09022,33.3,327821.3055052499,4689944.352681438
1729525925,281287965,42.34266833333333,-71.09022833333333,34.3,327820.49618937063,4689939.372645752
1729525926,314132745,42.34262333333333,-71.09024166666667,34.5,327819.2749874061,4689934.402735775
1729525927,280506078,42.34257833333333,-71.09025666666666,35.3,327817.91648881347,4689929.436201227
1729525928,288017252,42.342530000000004,-71.09026999999999,36.0,327816.68618430215,4689924.096150076
1729525929,297253468,42.342479999999995,-71.09028166666667,36.7,327815.5886238206,4689918.56765306
1729525930,281242705,42.34243333333334,-71.09029000000001,37.6,327814.774752527,4689913.4025472235
1729525931,283194413,42.34238833333334,-71.0903,38.5,327813.82813455886,4689908.425887575
1729525932,392387228,42.342344999999995,-71.09031166666666,38.6,327812.7487696754,4689903.637674161
1729525933,318625679,42.342301666666664,-71.09032333333333,39.4,327811.66940356826,4689898.849460904
1729525934,288196016,42.342265,-71.09034833333334,39.4,327809.50986894587,4689894.828533891
1729525935,300376053,42.34222499999999,-71.09037,40.0,327807.6158239532,4689890.430715088
1729525936,284157416,42.342185,-71.09039,40.7,327805.8590728038,4689886.0295213135
1729525937,284352489,42.342144999999995,-71.09041166666665,41.3,327803.9650235304,4689881.631703417
1729525938,306089109,42.342103333333334,-71.09043666666666,41.9,327801.7918295809,4689877.055566239
1729525939,298203452,42.342054999999995,-71.09046666666667,42.3,327799.18854351295,4689871.7492732275
1729525940,341470361,42.342000000000006,-71.09049833333333,42.5,327796.4297565059,4689865.706073595
1729525941,311928004,42.34194166666666,-71.09053,42.6,327793.66186454287,4689859.292733393
1729525942,302376798,42.341883333333335,-71.09056166666666,42.5,327790.8939679245,4689852.879394199
1729525943,307997672,42.341828333333325,-71.09060833333334,39.0,327786.89949621726,4689846.866579595
1729525944,297526726,42.341775000000005,-71.09064166666667,38.5,327784.00794385275,4689841.011831046
1729525945,306601718,42.341725,-71.09067333333334,37.9,327781.26278516627,4689835.523849252
1729525946,300453513,42.34168,-71.09070166666667,37.7,327778.80586862867,4689830.584328895
1729525947,309994141,42.341636666666666,-71.09072833333333,37.3,327776.49079677113,4689825.826504123
1729525948,292069156,42.341591666666666,-71.090755,37.1,327774.17117124907,4689820.883609284
1729525949,302970459,42.341546666666666,-71.09078333333333,36.6,327771.7142452734,4689815.944091222
1729525950,299154866,42.341503333333335,-71.09080999999999,36.3,327769.3991644352,4689811.186268614
1729525951,476147306,42.341456666666666,-71.09083666666668,36.1,327767.0749788634,4689806.058305166
1729525952,299154767,42.341413333333335,-71.09086333333333,36.1,327764.759892065,4689801.30048397
1729525953,303246725,42.341366666666666,-71.09089,35.9,327762.43570031645,4689796.17252194
1729525954,307202954,42.341325000000005,-71.090915,36.1,327760.2624565266,4689791.596396644
1729525955,317442255,42.34128166666666,-71.09094166666667,35.8,327757.94736099103,4689786.838577525
1729525956,309680534,42.34123833333333,-71.09096833333334,35.6,327755.6322625255,4689782.080759112
1729525957,323671919,42.341198333333324,-71.09099333333333,35.7,327753.4635617701,4689777.689706527
1729525958,304454582,42.341163333333334,-71.09101333333334,35.9,327751.72040706617,4689773.84373753
1729525959,456069132,42.34113000000001,-71.09103333333334,36.2,327749.98180190125,4689770.182839694
1729525960,331108214,42.341094999999996,-71.09105333333333,36.2,327748.23864370456,4689766.336871493
1729525961,312483854,42.34106666666666,-71.09107166666666,36.4,327746.65098774515,4689763.22781021
1729525962,318667402,42.34104833333334,-71.09108333333333,36.4,327745.6398330105,4689761.215667609
1729525963,318736518,42.34103666666667,-71.09109333333335,36.0,327744.784181978,4689759.9404316265
1729525964,307508902,42.34103333333334,-71.09109666666667,35.1,327744.50048204756,4689759.577043244
1729525965,454504935,42.34103166666667,-71.09109833333333,34.6,327744.3586320717,4689759.395349055
1729525966,332461026,42.34103166666667,-71.09110000000001,34.4,327744.2213335256,4689759.398725632
1729525967,304788969,42.34103166666667,-71.09110000000001,34.4,327744.2213335256,4689759.398725632
1729525968,317418720,42.34103166666667,-71.09110000000001,34.4,327744.2213335256,4689759.398725632
1729525969,341270553,42.34103166666667,-71.09110000000001,34.4,327744.2213335256,4689759.398725632
1729525970,363358152,42.34103166666667,-71.09110000000001,34.4,327744.2213335256,4689759.398725632
1729525971,311478821,42.34103166666667,-71.09110000000001,34.4,327744.2213335256,4689759.398725632
1729525972,315292567,42.34103166666667,-71.09110000000001,34.4,327744.2213335256,4689759.398725632
1729525973,309391433,42.34103166666667,-71.09110000000001,34.4,327744.2213335256,4689759.398725632
1729525974,337724149,42.34103166666667,-71.09110000000001,34.4,327744.2213335256,4689759.398725632
1729525975,310477509,42.34103166666667,-71.09110000000001,34.4,327744.2213335256,4689759.398725632
1729525976,321407873,42.34103166666667,-71.09110000000001,34.4,327744.2213335256,4689759.398725632
1729525977,309294165,42.34103166666667,-71.09110000000001,34.4,327744.2213335256,4689759.398725632
1729525978,315728100,42.34103166666667,-71.09110000000001,34.4,327744.2213335256,4689759.398725632
1729525979,429355428,42.34103166666667,-71.09110000000001,34.4,327744.2213335256,4689759.398725632
1729525980,337569430,42.34103166666667,-71.09110000000001,34.4,327744.2213335256,4689759.398725632
1729525981,315228588,42.34103166666667,-71.09110000000001,34.4,327744.2213335256,4689759.398725632
1729525982,410616021,42.341028333333334,-71.09110000000001,34.7,327744.2122306477,4689759.028584104
1729525983,338208595,42.34101666666667,-71.09110833333334,34.7,327743.493877692,4689757.749971692
1729525984,532352828,42.34100333333334,-71.09111666666666,34.6,327742.770973018,4689756.286288586
1729525985,322331105,42.34099,-71.09112666666667,34.6,327741.91076942335,4689754.8259821655
1729525986,313654384,42.34097666666666,-71.091135,34.5,327741.1878641552,4689753.362299211
1729525987,324349104,42.340961666666665,-71.09114333333333,34.5,327740.4604070782,4689751.713545564
1729525988,317323775,42.34094833333334,-71.09115166666668,34.6,327739.7375012302,4689750.249862745
1729525989,361512690,42.34093166666666,-71.09116,34.7,327739.0054919783,4689748.416038474
1729525990,328369971,42.34091,-71.09116833333333,34.7,327738.25982764526,4689746.027001993
1729525991,367510969,42.34088499999999,-71.091175,34.9,327737.64235854195,4689743.264447366
1729525992,330235990,42.340855,-71.091175,35.0,327737.56042995316,4689739.933173701
1729525993,326173173,42.340824999999995,-71.09116999999999,35.0,327737.89039840066,4689736.591769972
1729525994,388070086,42.34079499999999,-71.09116166666666,35.0,327738.4949654081,4689733.243612925
1729525995,315109758,42.340765,-71.09114833333334,35.0,327739.51143049274,4689729.8853259925
1729525996,437360134,42.340736666666665,-71.09113166666666,34.8,327740.8070465416,4689726.705356749
1729525997,317008464,42.34071333333333,-71.09111,34.8,327742.52821590565,4689724.070470272
1729525998,599794122,42.340691666666665,-71.09109,34.8,327744.1166387189,4689721.624031577
1729525999,328022162,42.34066833333333,-71.09107166666666,34.8,327745.5632120106,4689718.995899058
1729526000,416591987,42.340644999999995,-71.09105333333333,34.9,327747.0097864457,4689716.367766879
1729526001,326867338,42.34061833333333,-71.09103666666667,34.9,327748.3099600597,4689713.372870011
1729526002,326212863,42.340590000000006,-71.09102333333334,34.9,327749.33098463237,4689710.199655575
1729526003,340097247,42.34056166666666,-71.09101000000001,35.0,327750.3520102341,4689707.026441328
1729526004,325104564,42.34053166666666,-71.09099666666665,35.1,327751.3684856992,4689703.668156527
1729526005,348656237,42.340500000000006,-71.090985,35.2,327752.24311140855,4689700.128177556
1729526006,331099391,42.340468333333334,-71.09097,35.2,327753.39233768516,4689696.58144601
1729526007,325235569,42.340441666666656,-71.09095,34.9,327754.96711795137,4689693.579797938
1729526008,354544853,42.340410000000006,-71.090935,34.9,327756.1163469134,4689690.033066944
1729526009,536754407,42.34038166666666,-71.09092000000001,34.9,327757.27467914624,4689686.856477677
1729526010,360354259,42.34035333333333,-71.09090666666665,34.9,327758.29571251525,4689683.683264906
1729526011,578261144,42.340325,-71.090895,34.9,327759.179446823,4689680.513428562
1729526012,333274477,42.34029666666667,-71.09088166666668,34.9,327760.2004821866,4689677.3402161505
1729526013,324042337,42.34026833333334,-71.09086666666667,34.8,327761.3588187825,4689674.163627735
1729526014,383472562,42.34023666666667,-71.09085333333334,34.8,327762.37075460213,4689670.620274251
1729526015,333024860,42.34020333333333,-71.09084,34.9,327763.37814077566,4689666.891850226
1729526016,331246275,42.34017666666667,-71.09081833333333,34.6,327765.0902332708,4689663.886828738
1729526017,341564817,42.340145,-71.09080333333333,34.5,327766.2394733101,4689660.340099855
1729526018,412631368,42.340115,-71.09078666666666,34.5,327767.5305658633,4689656.975065885
1729526019,332959463,42.34008333333333,-71.09076833333333,34.4,327768.95440974267,4689653.421585441
1729526020,341732505,42.340046666666666,-71.090755,34.4,327769.9527013546,4689649.323021171
1729526021,379469143,42.34001166666667,-71.09074166666666,34.5,327770.95554488327,4689645.409527832
1729526022,337491210,42.33997666666667,-71.09073,34.6,327771.8210888562,4689641.499410659
1729526023,338111985,42.33994500000001,-71.09071999999999,34.7,327772.5584340759,4689637.962811051
1729526024,336415748,42.33992166666667,-71.090715,34.8,327772.90662974905,4689635.361693018
1729526025,342486651,42.339905,-71.090715,35.2,327772.8611247292,4689633.510985746
1729526026,357632134,42.33989666666666,-71.090715,35.4,327772.83837222477,4689632.585632112
1729526027,343128082,42.33989499999999,-71.090715,35.0,327772.8338217243,4689632.400561384
1729526028,379617621,42.33989499999999,-71.09071666666667,34.9,327772.69652070897,4689632.403937329
1729526029,355127655,42.33989499999999,-71.09071666666667,34.9,327772.69652070897,4689632.403937329
1729526030,346519609,42.33989499999999,-71.09071666666667,34.9,327772.69652070897,4689632.403937329
1729526031,356740057,42.33989499999999,-71.09071666666667,34.9,327772.69652070897,4689632.403937329
1729526032,345521278,42.33989499999999,-71.09071666666667,34.9,327772.69652070897,4689632.403937329
1729526033,365528919,42.33989499999999,-71.09071666666667,34.9,327772.69652070897,4689632.403937329
1729526034,369526822,42.33989499999999,-71.09071666666667,34.9,327772.69652070897,4689632.403937329
1729526035,342071370,42.33989499999999,-71.09071666666667,34.9,327772.69652070897,4689632.403937329
1729526036,349693838,42.33989499999999,-71.09071666666667,34.9,327772.69652070897,4689632.403937329
1729526038,167728518,42.33989499999999,-71.09071666666667,34.9,327772.69652070897,4689632.403937329
1729526038,433977181,42.33989499999999,-71.09071666666667,34.9,327772.69652070897,4689632.403937329
1729526039,348196246,42.33989499999999,-71.09071666666667,34.9,327772.69652070897,4689632.403937329
1729526040,336676106,42.33989499999999,-71.09071666666667,34.9,327772.69652070897,4689632.403937329
1729526041,347390090,42.33989499999999,-71.09071666666667,34.9,327772.69652070897,4689632.403937329
1729526042,381763207,42.33989499999999,-71.09071666666667,34.9,327772.69652070897,4689632.403937329
1729526043,365126275,42.33989499999999,-71.09071666666667,34.9,327772.69652070897,4689632.403937329
1729526044,383366230,42.33989499999999,-71.09071666666667,34.9,327772.69652070897,4689632.403937329
1729526045,426288939,42.33989499999999,-71.09071666666667,34.9,327772.69652070897,4689632.403937329
1729526046,349071474,42.33989499999999,-71.09071666666667,34.9,327772.69652070897,4689632.403937329
1729526047,349223243,42.33989499999999,-71.09071666666667,34.9,327772.69652070897,4689632.403937329
1729526048,611122791,42.33989499999999,-71.09071666666667,34.9,327772.69652070897,4689632.403937329
1729526049,353257624,42.33989499999999,-71.09071666666667,34.9,327772.69652070897,4689632.403937329
1729526050,477610632,42.33989499999999,-71.09071666666667,34.9,327772.69652070897,4689632.403937329
1729526051,359275826,42.33989499999999,-71.09071666666667,34.9,327772.69652070897,4689632.403937329
1729526052,345329635,42.33989499999999,-71.09071666666667,34.9,327772.69652070897,4689632.403937329
1729526053,368763840,42.33989499999999,-71.09071666666667,34.9,327772.69652070897,4689632.403937329
1729526054,463129064,42.33989499999999,-71.09071666666667,34.9,327772.69652070897,4689632.403937329
1729526055,376497058,42.33989499999999,-71.09071666666667,34.9,327772.69652070897,4689632.403937329
1729526056,351318784,42.33989499999999,-71.09071666666667,34.9,327772.69652070897,4689632.403937329
1729526057,355495985,42.33989499999999,-71.09071666666667,34.9,327772.69652070897,4689632.403937329
1729526058,451766744,42.33989499999999,-71.09071666666667,34.9,327772.69652070897,4689632.403937329
1729526059,354353840,42.33989499999999,-71.09071666666667,34.9,327772.69652070897,4689632.403937329
1729526060,350634411,42.33989499999999,-71.09071666666667,34.9,327772.69652070897,4689632.403937329
1729526061,348667221,42.33989499999999,-71.09071666666667,34.9,327772.69652070897,4689632.403937329
1729526062,358128536,42.33989499999999,-71.09071666666667,34.9,327772.69652070897,4689632.403937329
1729526063,349374465,42.33989499999999,-71.09071666666667,34.9,327772.69652070897,4689632.403937329
1729526064,366500343,42.33989499999999,-71.09071666666667,34.9,327772.69652070897,4689632.403937329
1729526065,368449529,42.33989499999999,-71.09071666666667,34.9,327772.69652070897,4689632.403937329
1729526066,361945942,42.33989499999999,-71.09071666666667,34.9,327772.69652070897,4689632.403937329
1729526067,352663432,42.33989499999999,-71.09071666666667,34.9,327772.69652070897,4689632.403937329
1729526068,470158006,42.33989499999999,-71.09071666666667,34.9,327772.69652070897,4689632.403937329
1729526069,359049142,42.33989499999999,-71.09071666666667,34.9,327772.69652070897,4689632.403937329
1729526070,401181594,42.33989499999999,-71.09071666666667,34.9,327772.69652070897,4689632.403937329
1729526071,412539927,42.33989499999999,-71.09071666666667,34.9,327772.69652070897,4689632.403937329
1729526072,362303563,42.33989499999999,-71.09071666666667,34.9,327772.69652070897,4689632.403937329
1729526073,354857434,42.33989499999999,-71.09071666666667,34.9,327772.69652070897,4689632.403937329
1729526074,384437443,42.33989499999999,-71.09071666666667,34.9,327772.69652070897,4689632.403937329
1729526075,363079626,42.33989499999999,-71.09071666666667,34.9,327772.69652070897,4689632.403937329
1729526076,360806386,42.33989499999999,-71.09071666666667,34.9,327772.69652070897,4689632.403937329
1729526077,387730434,42.33989499999999,-71.09071666666667,34.9,327772.69652070897,4689632.403937329
1729526078,359656561,42.33989499999999,-71.09071666666667,34.9,327772.69652070897,4689632.403937329
1729526079,359281024,42.33989499999999,-71.09071666666667,34.9,327772.69652070897,4689632.403937329
1729526080,420274035,42.33989499999999,-71.09071666666667,34.9,327772.69652070897,4689632.403937329
1729526081,373597840,42.33989499999999,-71.09071666666667,34.9,327772.69652070897,4689632.403937329
1729526082,361176804,42.33989499999999,-71.09071666666667,34.9,327772.69652070897,4689632.403937329
1729526083,390863663,42.33989499999999,-71.09071666666667,34.9,327772.69652070897,4689632.403937329
1729526084,361325382,42.33989499999999,-71.09071666666667,34.9,327772.69652070897,4689632.403937329
1729526085,360775099,42.33989499999999,-71.09071666666667,34.9,327772.69652070897,4689632.403937329
1729526086,371051526,42.33989499999999,-71.09071666666667,34.9,327772.69652070897,4689632.403937329
1729526087,388276528,42.33989499999999,-71.09071666666667,34.9,327772.69652070897,4689632.403937329
1729526088,374299234,42.33989499999999,-71.09071666666667,34.9,327772.69652070897,4689632.403937329
1729526089,372428730,42.33989499999999,-71.09071666666667,34.9,327772.69652070897,4689632.403937329
1729526090,474312247,42.33989499999999,-71.09071666666667,34.9,327772.69652070897,4689632.403937329
1729526091,373107014,42.33989499999999,-71.09071666666667,34.9,327772.69652070897,4689632.403937329
1729526092,435175746,42.33989499999999,-71.09071666666667,34.9,327772.69652070897,4689632.403937329
1729526093,374238396,42.33989499999999,-71.09071666666667,34.9,327772.69652070897,4689632.403937329
1729526094,405950074,42.33988833333333,-71.090715,35.2,327772.815619724,4689631.660278478
1729526095,386447094,42.33987833333334,-71.09071,35.1,327773.20021989325,4689630.539726305
1729526096,382740630,42.33985666666668,-71.09069666666666,35.1,327774.2394723743,4689628.106799473
1729526097,376918448,42.33983,-71.090685,35.2,327775.12777319807,4689625.1220365465
1729526098,373077066,42.339803333333336,-71.09067333333334,35.2,327776.01607487217,4689622.137273766
1729526099,373705775,42.33977333333334,-71.09066,35.2,327777.0325779312,4689618.778993837
1729526100,373126445,42.33974,-71.090645,35.4,327778.1772827631,4689615.047196824
1729526101,419465937,42.339705,-71.09062999999999,35.5,327779.31743866124,4689611.130329336
1729526102,386509489,42.33966999999999,-71.090615,35.6,327780.45759599324,4689607.213462092
1729526103,372677099,42.33963333333333,-71.09059666666667,35.5,327781.8678077097,4689603.104772874
1729526104,377883690,42.339594999999996,-71.09057666666666,35.5,327783.4107727505,4689598.807637577
1729526105,391319354,42.339555000000004,-71.090555,35.5,327785.0864915005,4689594.3220563065
1729526106,382579704,42.339515,-71.09053333333333,35.4,327786.76221259835,4689589.836475529
1729526107,382364460,42.33947333333334,-71.09051,35.4,327788.57068796025,4689585.162448926
1729526108,470327052,42.33942999999999,-71.09048833333333,35.3,327790.23731395986,4689580.306727749
1729526109,385474200,42.33938499999999,-71.09046333333335,35.2,327792.1739968513,4689575.259185296
1729526110,386239667,42.33933999999999,-71.09044,35.0,327793.9733805635,4689570.215018989
1729526111,386348653,42.33929333333334,-71.090415,34.9,327795.905519653,4689564.9824071005
1729526112,410942999,42.33924666666667,-71.09039166666666,34.7,327797.7003594772,4689559.753171281
1729526113,404368393,42.3392,-71.09036833333333,34.5,327799.4952022603,4689554.523936042
1729526114,419953847,42.339146666666664,-71.09035,34.9,327800.85994154855,4689548.564544598
1729526115,414994832,42.33909666666667,-71.09032666666667,34.8,327802.6456909941,4689542.965169009
1729526116,438019463,42.339046666666675,-71.09030166666666,34.7,327804.5687464854,4689537.362418738
1729526117,384524038,42.33899833333333,-71.09027666666665,34.6,327806.49635484,4689531.944739825
1729526118,396636035,42.338950000000004,-71.09025166666667,34.5,327808.4239664695,4689526.527061578
1729526119,385079620,42.338899999999995,-71.09022833333333,34.6,327810.2097288499,4689520.927688441
1729526120,452474597,42.33885166666667,-71.09020333333333,34.5,327812.13734699343,4689515.510011478
1729526121,385648391,42.338805,-71.09017833333334,34.3,327814.06951765134,4689510.277405865
1729526122,389239798,42.33875666666666,-71.09015333333333,34.3,327815.9971422944,4689504.859730221
1729526123,398952905,42.338710000000006,-71.09013166666666,34.3,327817.6547121459,4689499.633875898
1729526124,386972198,42.338665000000006,-71.09010833333333,34.1,327819.4541375176,4689494.589717814
1729526125,381089191,42.338620000000006,-71.09008333333333,34.0,327821.3908695307,4689489.542185394
1729526126,394008178,42.338575000000006,-71.09006,33.8,327823.19030070066,4689484.498028501
1729526127,445644455,42.338528333333336,-71.09003666666668,33.7,327824.9851858173,4689479.268801503
1729526128,398310871,42.338483333333336,-71.09001166666667,33.6,327826.9219268255,4689474.22127097
1729526129,386738203,42.338440000000006,-71.08998666666666,33.5,327828.8632196685,4689469.358811768
1729526130,389270456,42.33839666666666,-71.08996166666667,33.3,327830.8045154374,4689464.496353221
1729526131,503066809,42.33835333333333,-71.08994,33.0,327832.47120539483,4689459.640644668
1729526132,396718706,42.33830666666666,-71.08992333333335,32.8,327833.71688723244,4689454.424919194
1729526133,391276864,42.338260000000005,-71.08991166666667,32.5,327834.5506575002,4689449.219317907
1729526134,388032416,42.33821833333333,-71.08990166666668,32.1,327835.26077036915,4689444.5723034125
1729526135,394745925,42.33817666666667,-71.08989333333334,31.8,327835.833579662,4689439.92866365
1729526136,396834044,42.338134999999994,-71.08988500000001,31.4,327836.4063899579,4689435.285023985
1729526137,395960786,42.338101666666674,-71.08987166666667,31.1,327837.4138585857,4689431.556614065
1729526138,405763889,42.33806166666667,-71.08986499999999,30.7,327837.85391451954,4689427.101419852
1729526139,412426467,42.33802166666666,-71.08986166666666,30.3,327838.01936104876,4689422.652974796
1729526140,411364374,42.33798333333334,-71.08986166666666,30.0,327837.9147461242,4689418.396349522
1729526141,410057951,42.33794833333333,-71.08986333333334,29.6,327837.6819229635,4689414.513240142
1729526142,404305589,42.33791166666666,-71.08986833333333,29.2,327837.1699405774,4689410.451809224
1729526143,483893674,42.33787666666667,-71.08987166666667,28.8,327836.79981167987,4689406.572074453
1729526144,459966664,42.337849999999996,-71.08986499999999,28.5,327837.27625779476,4689403.59744568
1729526145,398894112,42.33783166666667,-71.08985666666668,28.1,327837.91275217925,4689401.5447957255
1729526146,391391921,42.33781333333333,-71.08984833333334,27.8,327838.54924697836,4689399.492145845
1729526147,426592276,42.3378,-71.08984333333333,27.3,327838.9247762766,4689398.001457032
1729526148,406339505,42.33778833333334,-71.08984000000001,26.7,327839.16754856147,4689396.69921341
1729526149,395012812,42.33778166666666,-71.089835,26.2,327839.56127177225,4689395.948807271
1729526150,497359709,42.33777666666666,-71.08983166666667,25.6,327839.8222378333,4689395.3868463095
1729526151,544373861,42.33777166666667,-71.08982833333333,25.1,327840.08320393914,4689394.824885359
1729526152,433223116,42.33776666666666,-71.08982333333333,25.5,327840.48147573683,4689394.259549939
1729526153,396982140,42.33776666666666,-71.08982833333333,24.8,327840.06955879345,4689394.269673387
1729526154,439870591,42.33776666666666,-71.08982833333333,24.8,327840.06955879345,4689394.269673387
